<?xml version="1.0" encoding="UTF-8"?>
<project-private xmlns="http://www.netbeans.org/ns/project-private/1">
    <editor-bookmarks xmlns="http://www.netbeans.org/ns/editor-bookmarks/2" lastBookmarkId="0"/>
    <open-files xmlns="http://www.netbeans.org/ns/projectui-open-files/2">
        <group>
            <file>file:/C:/Users/resea/Meu%20Drive/Univali/2024.1/Linguagens%20Formais%20e%20Autômatos/M2/LFA_M2/LinguagensFormaisEAutomatosM2-main/LinguagensFormaisEAutomatosM2-main/src/gals/Semantico.java</file>
            <file>file:/C:/Users/resea/Meu%20Drive/Univali/2024.1/Linguagens%20Formais%20e%20Autômatos/M2/LFA_M2/LinguagensFormaisEAutomatosM2-main/LinguagensFormaisEAutomatosM2-main/src/gals/ScannerConstants.java</file>
            <file>file:/C:/Users/resea/Meu%20Drive/Univali/2024.1/Linguagens%20Formais%20e%20Autômatos/M2/LFA_M2/LinguagensFormaisEAutomatosM2-main/LinguagensFormaisEAutomatosM2-main/src/gals/ParserConstants.java</file>
            <file>file:/C:/Users/resea/Meu%20Drive/Univali/2024.1/Linguagens%20Formais%20e%20Autômatos/M2/LFA_M2/LinguagensFormaisEAutomatosM2-main/LinguagensFormaisEAutomatosM2-main/src/gals/Sintatico.java</file>
            <file>file:/C:/Users/resea/Meu%20Drive/Univali/2024.1/Linguagens%20Formais%20e%20Autômatos/M2/LFA_M2/LinguagensFormaisEAutomatosM2-main/LinguagensFormaisEAutomatosM2-main/src/Principal/Main.java</file>
            <file>file:/C:/Users/resea/Meu%20Drive/Univali/2024.1/Linguagens%20Formais%20e%20Autômatos/M2/LFA_M2/LinguagensFormaisEAutomatosM2-main/LinguagensFormaisEAutomatosM2-main/src/gals/Lexico.java</file>
        </group>
    </open-files>
</project-private>
